date,close,price_percentile,drawdown_pct,price_score,drawdown_score,trend_score,valuation_score,extra_investment_score,method,confidence
2024-01-02,4742.830078,98.1481,-1.1202,1.8519,3.7339,70.0,,16.1402,"Composite: 45% price percentile, 35% drawdown, 20% trend",price_only
2024-01-03,4704.810059,96.8254,-1.9128,3.1746,6.3761,70.0,,17.6602,"Composite: 45% price percentile, 35% drawdown, 20% trend",price_only
2024-01-04,4688.680176,95.1058,-2.2491,4.8942,7.497,70.0,,18.8263,"Composite: 45% price percentile, 35% drawdown, 20% trend",price_only
2024-01-05,4697.240234,95.5026,-2.0706,4.4974,6.9022,70.0,,18.4396,"Composite: 45% price percentile, 35% drawdown, 20% trend",price_only
2024-01-08,4763.540039,98.4127,-0.6884,1.5873,2.2947,70.0,,15.5174,"Composite: 45% price percentile, 35% drawdown, 20% trend",price_only
2024-01-09,4756.5,98.2804,-0.8352,1.7196,2.7839,70.0,,15.7482,"Composite: 45% price percentile, 35% drawdown, 20% trend",price_only
2024-01-10,4783.450195,99.3386,-0.2733,0.6614,0.9111,70.0,,14.6165,"Composite: 45% price percentile, 35% drawdown, 20% trend",price_only
2024-01-11,4780.240234,98.9418,-0.3402,1.0582,1.1341,70.0,,14.8731,"Composite: 45% price percentile, 35% drawdown, 20% trend",price_only
2024-01-12,4783.830078,99.3386,-0.2654,0.6614,0.8847,70.0,,14.6073,"Composite: 45% price percentile, 35% drawdown, 20% trend",price_only
2024-01-16,4765.97998,98.0159,-0.6375,1.9841,2.1251,70.0,,15.6366,"Composite: 45% price percentile, 35% drawdown, 20% trend",price_only
2024-01-17,4739.209961,97.0899,-1.1957,2.9101,3.9855,70.0,,16.7045,"Composite: 45% price percentile, 35% drawdown, 20% trend",price_only
2024-01-18,4780.939941,98.8095,-0.3257,1.1905,1.0855,70.0,,14.9156,"Composite: 45% price percentile, 35% drawdown, 20% trend",price_only
2024-01-19,4839.810059,100.0,0.0,0.0,0.0,70.0,,14.0,"Composite: 45% price percentile, 35% drawdown, 20% trend",price_only
2024-01-22,4850.430176,100.0,0.0,0.0,0.0,70.0,,14.0,"Composite: 45% price percentile, 35% drawdown, 20% trend",price_only
2024-01-23,4864.600098,100.0,0.0,0.0,0.0,70.0,,14.0,"Composite: 45% price percentile, 35% drawdown, 20% trend",price_only
2024-01-24,4868.549805,100.0,0.0,0.0,0.0,70.0,,14.0,"Composite: 45% price percentile, 35% drawdown, 20% trend",price_only
2024-01-25,4894.160156,100.0,0.0,0.0,0.0,70.0,,14.0,"Composite: 45% price percentile, 35% drawdown, 20% trend",price_only
2024-01-26,4890.970215,99.8677,-0.0652,0.1323,0.2173,70.0,,14.1356,"Composite: 45% price percentile, 35% drawdown, 20% trend",price_only
2024-01-29,4927.930176,100.0,0.0,0.0,0.0,70.0,,14.0,"Composite: 45% price percentile, 35% drawdown, 20% trend",price_only
2024-01-30,4924.970215,99.8677,-0.0601,0.1323,0.2002,70.0,,14.1296,"Composite: 45% price percentile, 35% drawdown, 20% trend",price_only
2024-01-31,4845.649902,99.0741,-1.6697,0.9259,5.5656,70.0,,16.3646,"Composite: 45% price percentile, 35% drawdown, 20% trend",price_only
2024-02-01,4906.189941,99.7354,-0.4412,0.2646,1.4705,70.0,,14.6337,"Composite: 45% price percentile, 35% drawdown, 20% trend",price_only
2024-02-02,4958.609863,100.0,0.0,0.0,0.0,70.0,,14.0,"Composite: 45% price percentile, 35% drawdown, 20% trend",price_only
2024-02-05,4942.810059,99.8677,-0.3186,0.1323,1.0621,70.0,,14.4313,"Composite: 45% price percentile, 35% drawdown, 20% trend",price_only
2024-02-06,4954.22998,99.8677,-0.0883,0.1323,0.2944,70.0,,14.1626,"Composite: 45% price percentile, 35% drawdown, 20% trend",price_only
2024-02-07,4995.060059,100.0,0.0,0.0,0.0,70.0,,14.0,"Composite: 45% price percentile, 35% drawdown, 20% trend",price_only
2024-02-08,4997.910156,100.0,0.0,0.0,0.0,70.0,,14.0,"Composite: 45% price percentile, 35% drawdown, 20% trend",price_only
2024-02-09,5026.609863,100.0,0.0,0.0,0.0,70.0,,14.0,"Composite: 45% price percentile, 35% drawdown, 20% trend",price_only
2024-02-12,5021.839844,99.8677,-0.0949,0.1323,0.3163,70.0,,14.1702,"Composite: 45% price percentile, 35% drawdown, 20% trend",price_only
2024-02-13,4953.169922,99.2063,-1.461,0.7937,4.8701,70.0,,16.0617,"Composite: 45% price percentile, 35% drawdown, 20% trend",price_only
2024-02-14,5000.620117,99.7354,-0.517,0.2646,1.7235,70.0,,14.7223,"Composite: 45% price percentile, 35% drawdown, 20% trend",price_only
2024-02-15,5029.72998,100.0,0.0,0.0,0.0,70.0,,14.0,"Composite: 45% price percentile, 35% drawdown, 20% trend",price_only
2024-02-16,5005.569824,99.6032,-0.4803,0.3968,1.6012,70.0,,14.739,"Composite: 45% price percentile, 35% drawdown, 20% trend",price_only
2024-02-20,4975.509766,99.0741,-1.078,0.9259,3.5933,70.0,,15.6743,"Composite: 45% price percentile, 35% drawdown, 20% trend",price_only
2024-02-21,4981.799805,99.0741,-0.9529,0.9259,3.1765,70.0,,15.5284,"Composite: 45% price percentile, 35% drawdown, 20% trend",price_only
2024-02-22,5087.029785,100.0,0.0,0.0,0.0,70.0,,14.0,"Composite: 45% price percentile, 35% drawdown, 20% trend",price_only
2024-02-23,5088.799805,100.0,0.0,0.0,0.0,70.0,,14.0,"Composite: 45% price percentile, 35% drawdown, 20% trend",price_only
2024-02-26,5069.529785,99.7354,-0.3787,0.2646,1.2623,70.0,,14.5609,"Composite: 45% price percentile, 35% drawdown, 20% trend",price_only
2024-02-27,5078.180176,99.7354,-0.2087,0.2646,0.6956,70.0,,14.3625,"Composite: 45% price percentile, 35% drawdown, 20% trend",price_only
2024-02-28,5069.759766,99.6032,-0.3742,0.3968,1.2472,70.0,,14.6151,"Composite: 45% price percentile, 35% drawdown, 20% trend",price_only
2024-02-29,5096.27002,100.0,0.0,0.0,0.0,70.0,,14.0,"Composite: 45% price percentile, 35% drawdown, 20% trend",price_only
2024-03-01,5137.080078,100.0,0.0,0.0,0.0,70.0,,14.0,"Composite: 45% price percentile, 35% drawdown, 20% trend",price_only
2024-03-04,5130.950195,99.8677,-0.1193,0.1323,0.3978,70.0,,14.1988,"Composite: 45% price percentile, 35% drawdown, 20% trend",price_only
2024-03-05,5078.649902,99.3386,-1.1374,0.6614,3.7914,70.0,,15.6246,"Composite: 45% price percentile, 35% drawdown, 20% trend",price_only
2024-03-06,5104.759766,99.7354,-0.6292,0.2646,2.0972,70.0,,14.8531,"Composite: 45% price percentile, 35% drawdown, 20% trend",price_only
2024-03-07,5157.359863,100.0,0.0,0.0,0.0,70.0,,14.0,"Composite: 45% price percentile, 35% drawdown, 20% trend",price_only
2024-03-08,5123.689941,99.6032,-0.6529,0.3968,2.1762,70.0,,14.9402,"Composite: 45% price percentile, 35% drawdown, 20% trend",price_only
2024-03-11,5117.939941,99.4709,-0.7643,0.5291,2.5478,70.0,,15.1298,"Composite: 45% price percentile, 35% drawdown, 20% trend",price_only
2024-03-12,5175.27002,100.0,0.0,0.0,0.0,70.0,,14.0,"Composite: 45% price percentile, 35% drawdown, 20% trend",price_only
2024-03-13,5165.310059,99.8677,-0.1925,0.1323,0.6415,70.0,,14.2841,"Composite: 45% price percentile, 35% drawdown, 20% trend",price_only
2024-03-14,5150.47998,99.6032,-0.479,0.3968,1.5967,70.0,,14.7374,"Composite: 45% price percentile, 35% drawdown, 20% trend",price_only
2024-03-15,5117.089844,98.9418,-1.1242,1.0582,3.7473,70.0,,15.7877,"Composite: 45% price percentile, 35% drawdown, 20% trend",price_only
2024-03-18,5149.419922,99.4709,-0.4995,0.5291,1.665,70.0,,14.8208,"Composite: 45% price percentile, 35% drawdown, 20% trend",price_only
2024-03-19,5178.509766,100.0,0.0,0.0,0.0,70.0,,14.0,"Composite: 45% price percentile, 35% drawdown, 20% trend",price_only
2024-03-20,5224.620117,100.0,0.0,0.0,0.0,70.0,,14.0,"Composite: 45% price percentile, 35% drawdown, 20% trend",price_only
2024-03-21,5241.529785,100.0,0.0,0.0,0.0,70.0,,14.0,"Composite: 45% price percentile, 35% drawdown, 20% trend",price_only
2024-03-22,5234.180176,99.8677,-0.1402,0.1323,0.4674,70.0,,14.2231,"Composite: 45% price percentile, 35% drawdown, 20% trend",price_only
2024-03-25,5218.189941,99.6032,-0.4453,0.3968,1.4843,70.0,,14.6981,"Composite: 45% price percentile, 35% drawdown, 20% trend",price_only
2024-03-26,5203.580078,99.4709,-0.724,0.5291,2.4134,70.0,,15.0828,"Composite: 45% price percentile, 35% drawdown, 20% trend",price_only
2024-03-27,5248.490234,100.0,0.0,0.0,0.0,70.0,,14.0,"Composite: 45% price percentile, 35% drawdown, 20% trend",price_only
2024-03-28,5254.350098,100.0,0.0,0.0,0.0,70.0,,14.0,"Composite: 45% price percentile, 35% drawdown, 20% trend",price_only
2024-04-01,5243.77002,99.7354,-0.2014,0.2646,0.6712,70.0,,14.354,"Composite: 45% price percentile, 35% drawdown, 20% trend",price_only
2024-04-02,5205.810059,99.0741,-0.9238,0.9259,3.0794,70.0,,15.4944,"Composite: 45% price percentile, 35% drawdown, 20% trend",price_only
2024-04-03,5211.490234,99.0741,-0.8157,0.9259,2.719,70.0,,15.3683,"Composite: 45% price percentile, 35% drawdown, 20% trend",price_only
2024-04-04,5147.209961,97.8836,-2.0391,2.1164,6.7969,70.0,,17.3313,"Composite: 45% price percentile, 35% drawdown, 20% trend",price_only
2024-04-05,5204.339844,98.8095,-0.9518,1.1905,3.1726,70.0,,15.6461,"Composite: 45% price percentile, 35% drawdown, 20% trend",price_only
2024-04-08,5202.390137,98.545,-0.9889,1.455,3.2963,70.0,,15.8085,"Composite: 45% price percentile, 35% drawdown, 20% trend",price_only
2024-04-09,5209.910156,98.9418,-0.8458,1.0582,2.8192,70.0,,15.4629,"Composite: 45% price percentile, 35% drawdown, 20% trend",price_only
2024-04-10,5160.640137,97.8836,-1.7835,2.1164,5.9449,70.0,,17.0331,"Composite: 45% price percentile, 35% drawdown, 20% trend",price_only
2024-04-11,5199.060059,98.2804,-1.0523,1.7196,3.5076,70.0,,16.0015,"Composite: 45% price percentile, 35% drawdown, 20% trend",price_only
2024-04-12,5123.410156,96.6931,-2.492,3.3069,8.3068,70.0,,18.3955,"Composite: 45% price percentile, 35% drawdown, 20% trend",price_only
2024-04-15,5061.819824,95.2381,-3.6642,4.7619,12.214,70.0,,20.4178,"Composite: 45% price percentile, 35% drawdown, 20% trend",price_only
2024-04-16,5051.410156,95.1058,-3.8623,4.8942,12.8744,70.0,,20.7084,"Composite: 45% price percentile, 35% drawdown, 20% trend",price_only
2024-04-17,5022.209961,94.709,-4.4181,5.291,14.7269,70.0,,21.5354,"Composite: 45% price percentile, 35% drawdown, 20% trend",price_only
2024-04-18,5011.120117,94.4444,-4.6291,5.5556,15.4304,70.0,,21.9007,"Composite: 45% price percentile, 35% drawdown, 20% trend",price_only
2024-04-19,4967.22998,93.5185,-5.4644,6.4815,18.2148,70.0,,23.2919,"Composite: 45% price percentile, 35% drawdown, 20% trend",price_only
2024-04-22,5010.600098,94.3122,-4.639,5.6878,15.4634,70.0,,21.9717,"Composite: 45% price percentile, 35% drawdown, 20% trend",price_only
2024-04-23,5070.549805,95.5026,-3.4981,4.4974,11.6602,70.0,,20.1049,"Composite: 45% price percentile, 35% drawdown, 20% trend",price_only
2024-04-24,5071.629883,95.5026,-3.4775,4.4974,11.5917,70.0,,20.0809,"Composite: 45% price percentile, 35% drawdown, 20% trend",price_only
2024-04-25,5048.419922,94.709,-3.9192,5.291,13.0641,70.0,,20.9534,"Composite: 45% price percentile, 35% drawdown, 20% trend",price_only
2024-04-26,5099.959961,96.164,-2.9383,3.836,9.7944,70.0,,19.1542,"Composite: 45% price percentile, 35% drawdown, 20% trend",price_only
2024-04-29,5116.169922,96.2963,-2.6298,3.7037,8.7661,70.0,,18.7348,"Composite: 45% price percentile, 35% drawdown, 20% trend",price_only
2024-04-30,5035.689941,94.3122,-4.1615,5.6878,13.8717,70.0,,21.4146,"Composite: 45% price percentile, 35% drawdown, 20% trend",price_only
2024-05-01,5018.390137,93.6508,-4.4908,6.3492,14.9692,70.0,,22.0964,"Composite: 45% price percentile, 35% drawdown, 20% trend",price_only
2024-05-02,5064.200195,94.709,-3.6189,5.291,12.063,70.0,,20.603,"Composite: 45% price percentile, 35% drawdown, 20% trend",price_only
2024-05-03,5127.790039,96.8254,-2.4087,3.1746,8.0289,70.0,,18.2387,"Composite: 45% price percentile, 35% drawdown, 20% trend",price_only
2024-05-06,5180.740234,98.1481,-1.4009,1.8519,4.6698,70.0,,16.4678,"Composite: 45% price percentile, 35% drawdown, 20% trend",price_only
2024-05-07,5187.700195,98.1481,-1.2685,1.8519,4.2282,70.0,,16.3132,"Composite: 45% price percentile, 35% drawdown, 20% trend",price_only
2024-05-08,5187.669922,98.0159,-1.269,1.9841,4.2302,70.0,,16.3734,"Composite: 45% price percentile, 35% drawdown, 20% trend",price_only
2024-05-09,5214.080078,99.0741,-0.7664,0.9259,2.5547,70.0,,15.3108,"Composite: 45% price percentile, 35% drawdown, 20% trend",price_only
2024-05-10,5222.680176,99.2063,-0.6027,0.7937,2.0091,70.0,,15.0604,"Composite: 45% price percentile, 35% drawdown, 20% trend",price_only
2024-05-13,5221.419922,99.0741,-0.6267,0.9259,2.0891,70.0,,15.1478,"Composite: 45% price percentile, 35% drawdown, 20% trend",price_only
2024-05-14,5246.680176,99.7354,-0.146,0.2646,0.4866,70.0,,14.2894,"Composite: 45% price percentile, 35% drawdown, 20% trend",price_only
2024-05-15,5308.149902,100.0,0.0,0.0,0.0,70.0,,14.0,"Composite: 45% price percentile, 35% drawdown, 20% trend",price_only
2024-05-16,5297.100098,99.8677,-0.2082,0.1323,0.6939,70.0,,14.3024,"Composite: 45% price percentile, 35% drawdown, 20% trend",price_only
2024-05-17,5303.27002,99.8677,-0.0919,0.1323,0.3064,70.0,,14.1668,"Composite: 45% price percentile, 35% drawdown, 20% trend",price_only
2024-05-20,5308.129883,99.8677,-0.0004,0.1323,0.0013,70.0,,14.06,"Composite: 45% price percentile, 35% drawdown, 20% trend",price_only
2024-05-21,5321.410156,100.0,0.0,0.0,0.0,70.0,,14.0,"Composite: 45% price percentile, 35% drawdown, 20% trend",price_only
2024-05-22,5307.009766,99.6032,-0.2706,0.3968,0.902,70.0,,14.4943,"Composite: 45% price percentile, 35% drawdown, 20% trend",price_only
2024-05-23,5267.839844,99.2063,-1.0067,0.7937,3.3556,70.0,,15.5316,"Composite: 45% price percentile, 35% drawdown, 20% trend",price_only
2024-05-24,5304.720215,99.4709,-0.3136,0.5291,1.0455,70.0,,14.604,"Composite: 45% price percentile, 35% drawdown, 20% trend",price_only
2024-05-28,5306.040039,99.4709,-0.2888,0.5291,0.9628,70.0,,14.5751,"Composite: 45% price percentile, 35% drawdown, 20% trend",price_only
2024-05-29,5266.950195,98.8095,-1.0234,1.1905,3.4114,70.0,,15.7297,"Composite: 45% price percentile, 35% drawdown, 20% trend",price_only
2024-05-30,5235.47998,98.0159,-1.6148,1.9841,5.3827,70.0,,16.7768,"Composite: 45% price percentile, 35% drawdown, 20% trend",price_only
2024-05-31,5277.509766,98.9418,-0.825,1.0582,2.7499,70.0,,15.4387,"Composite: 45% price percentile, 35% drawdown, 20% trend",price_only
2024-06-03,5283.399902,98.9418,-0.7143,1.0582,2.381,70.0,,15.3095,"Composite: 45% price percentile, 35% drawdown, 20% trend",price_only
2024-06-04,5291.339844,98.9418,-0.5651,1.0582,1.8836,70.0,,15.1354,"Composite: 45% price percentile, 35% drawdown, 20% trend",price_only
2024-06-05,5354.029785,100.0,0.0,0.0,0.0,70.0,,14.0,"Composite: 45% price percentile, 35% drawdown, 20% trend",price_only
2024-06-06,5352.959961,99.8677,-0.02,0.1323,0.0666,70.0,,14.0828,"Composite: 45% price percentile, 35% drawdown, 20% trend",price_only
2024-06-07,5346.990234,99.7354,-0.1315,0.2646,0.4383,70.0,,14.2725,"Composite: 45% price percentile, 35% drawdown, 20% trend",price_only
2024-06-10,5360.790039,100.0,0.0,0.0,0.0,70.0,,14.0,"Composite: 45% price percentile, 35% drawdown, 20% trend",price_only
2024-06-11,5375.319824,100.0,0.0,0.0,0.0,70.0,,14.0,"Composite: 45% price percentile, 35% drawdown, 20% trend",price_only
2024-06-12,5421.029785,100.0,0.0,0.0,0.0,70.0,,14.0,"Composite: 45% price percentile, 35% drawdown, 20% trend",price_only
2024-06-13,5433.740234,100.0,0.0,0.0,0.0,70.0,,14.0,"Composite: 45% price percentile, 35% drawdown, 20% trend",price_only
2024-06-14,5431.600098,99.8677,-0.0394,0.1323,0.1313,70.0,,14.1055,"Composite: 45% price percentile, 35% drawdown, 20% trend",price_only
2024-06-17,5473.22998,100.0,0.0,0.0,0.0,70.0,,14.0,"Composite: 45% price percentile, 35% drawdown, 20% trend",price_only
2024-06-18,5487.029785,100.0,0.0,0.0,0.0,70.0,,14.0,"Composite: 45% price percentile, 35% drawdown, 20% trend",price_only
2024-06-20,5473.169922,99.7354,-0.2526,0.2646,0.842,70.0,,14.4138,"Composite: 45% price percentile, 35% drawdown, 20% trend",price_only
2024-06-21,5464.620117,99.6032,-0.4084,0.3968,1.3614,70.0,,14.655,"Composite: 45% price percentile, 35% drawdown, 20% trend",price_only
2024-06-24,5447.870117,99.4709,-0.7137,0.5291,2.3789,70.0,,15.0707,"Composite: 45% price percentile, 35% drawdown, 20% trend",price_only
2024-06-25,5469.299805,99.6032,-0.3231,0.3968,1.0771,70.0,,14.5555,"Composite: 45% price percentile, 35% drawdown, 20% trend",price_only
2024-06-26,5477.899902,99.8677,-0.1664,0.1323,0.5546,70.0,,14.2536,"Composite: 45% price percentile, 35% drawdown, 20% trend",price_only
2024-06-27,5482.870117,99.8677,-0.0758,0.1323,0.2527,70.0,,14.148,"Composite: 45% price percentile, 35% drawdown, 20% trend",price_only
2024-06-28,5460.47998,99.0741,-0.4839,0.9259,1.6129,70.0,,14.9812,"Composite: 45% price percentile, 35% drawdown, 20% trend",price_only
2024-07-01,5475.089844,99.6032,-0.2176,0.3968,0.7253,70.0,,14.4324,"Composite: 45% price percentile, 35% drawdown, 20% trend",price_only
2024-07-02,5509.009766,100.0,0.0,0.0,0.0,70.0,,14.0,"Composite: 45% price percentile, 35% drawdown, 20% trend",price_only
2024-07-03,5537.02002,100.0,0.0,0.0,0.0,70.0,,14.0,"Composite: 45% price percentile, 35% drawdown, 20% trend",price_only
2024-07-05,5567.189941,100.0,0.0,0.0,0.0,70.0,,14.0,"Composite: 45% price percentile, 35% drawdown, 20% trend",price_only
2024-07-08,5572.850098,100.0,0.0,0.0,0.0,70.0,,14.0,"Composite: 45% price percentile, 35% drawdown, 20% trend",price_only
2024-07-09,5576.97998,100.0,0.0,0.0,0.0,70.0,,14.0,"Composite: 45% price percentile, 35% drawdown, 20% trend",price_only
2024-07-10,5633.910156,100.0,0.0,0.0,0.0,70.0,,14.0,"Composite: 45% price percentile, 35% drawdown, 20% trend",price_only
2024-07-11,5584.540039,99.8677,-0.8763,0.1323,2.921,70.0,,15.0819,"Composite: 45% price percentile, 35% drawdown, 20% trend",price_only
2024-07-12,5615.350098,99.8677,-0.3294,0.1323,1.0981,70.0,,14.4439,"Composite: 45% price percentile, 35% drawdown, 20% trend",price_only
2024-07-15,5631.220215,99.8677,-0.0477,0.1323,0.1592,70.0,,14.1153,"Composite: 45% price percentile, 35% drawdown, 20% trend",price_only
2024-07-16,5667.200195,100.0,0.0,0.0,0.0,70.0,,14.0,"Composite: 45% price percentile, 35% drawdown, 20% trend",price_only
2024-07-17,5588.27002,99.4709,-1.3928,0.5291,4.6425,70.0,,15.863,"Composite: 45% price percentile, 35% drawdown, 20% trend",price_only
2024-07-18,5544.589844,98.8095,-2.1635,1.1905,7.2117,70.0,,17.0598,"Composite: 45% price percentile, 35% drawdown, 20% trend",price_only
2024-07-19,5505.0,98.4127,-2.8621,1.5873,9.5403,70.0,,18.0534,"Composite: 45% price percentile, 35% drawdown, 20% trend",price_only
2024-07-22,5564.410156,98.8095,-1.8138,1.1905,6.0459,70.0,,16.6518,"Composite: 45% price percentile, 35% drawdown, 20% trend",price_only
2024-07-23,5555.740234,98.6772,-1.9668,1.3228,6.5559,70.0,,16.8898,"Composite: 45% price percentile, 35% drawdown, 20% trend",price_only
2024-07-24,5427.129883,96.4286,-4.2361,3.5714,14.1205,70.0,,20.5493,"Composite: 45% price percentile, 35% drawdown, 20% trend",price_only
2024-07-25,5399.220215,96.164,-4.7286,3.836,15.762,70.0,,21.2429,"Composite: 45% price percentile, 35% drawdown, 20% trend",price_only
2024-07-26,5459.100098,96.8254,-3.672,3.1746,12.24,70.0,,19.7126,"Composite: 45% price percentile, 35% drawdown, 20% trend",price_only
2024-07-29,5463.540039,96.9577,-3.5937,3.0423,11.9789,70.0,,19.5616,"Composite: 45% price percentile, 35% drawdown, 20% trend",price_only
2024-07-30,5436.439941,96.4286,-4.0719,3.5714,13.5729,70.0,,20.3576,"Composite: 45% price percentile, 35% drawdown, 20% trend",price_only
2024-07-31,5522.299805,98.2804,-2.5568,1.7196,8.5227,70.0,,17.7568,"Composite: 45% price percentile, 35% drawdown, 20% trend",price_only
2024-08-01,5446.680176,96.2963,-3.8912,3.7037,12.9705,70.0,,20.2063,"Composite: 45% price percentile, 35% drawdown, 20% trend",price_only
2024-08-02,5346.560059,94.709,-5.6578,5.291,18.8594,70.0,,22.9817,"Composite: 45% price percentile, 35% drawdown, 20% trend",price_only
2024-08-05,5186.330078,90.0794,-8.4851,9.9206,28.2838,70.0,,28.3636,"Composite: 45% price percentile, 35% drawdown, 20% trend",price_only
2024-08-06,5240.029785,92.1958,-7.5376,7.8042,25.1253,70.0,,26.3057,"Composite: 45% price percentile, 35% drawdown, 20% trend",price_only
2024-08-07,5199.5,90.3439,-8.2528,9.6561,27.5092,70.0,,27.9735,"Composite: 45% price percentile, 35% drawdown, 20% trend",price_only
2024-08-08,5319.310059,94.4444,-6.1387,5.5556,20.4622,70.0,,23.6618,"Composite: 45% price percentile, 35% drawdown, 20% trend",price_only
2024-08-09,5344.160156,94.5767,-5.7002,5.4233,19.0006,70.0,,23.0907,"Composite: 45% price percentile, 35% drawdown, 20% trend",price_only
2024-08-12,5344.390137,94.5767,-5.6961,5.4233,18.987,70.0,,23.0859,"Composite: 45% price percentile, 35% drawdown, 20% trend",price_only
2024-08-13,5434.430176,96.0317,-4.1073,3.9683,13.6911,70.0,,20.5776,"Composite: 45% price percentile, 35% drawdown, 20% trend",price_only
2024-08-14,5455.209961,96.4286,-3.7407,3.5714,12.4688,70.0,,19.9712,"Composite: 45% price percentile, 35% drawdown, 20% trend",price_only
2024-08-15,5543.220215,98.4127,-2.1877,1.5873,7.2923,70.0,,17.2666,"Composite: 45% price percentile, 35% drawdown, 20% trend",price_only
2024-08-16,5554.25,98.545,-1.9931,1.455,6.6435,70.0,,16.98,"Composite: 45% price percentile, 35% drawdown, 20% trend",price_only
2024-08-19,5608.25,99.4709,-1.0402,0.5291,3.4673,70.0,,15.4516,"Composite: 45% price percentile, 35% drawdown, 20% trend",price_only
2024-08-20,5597.120117,99.3386,-1.2366,0.6614,4.122,70.0,,15.7403,"Composite: 45% price percentile, 35% drawdown, 20% trend",price_only
2024-08-21,5620.850098,99.6032,-0.8179,0.3968,2.7262,70.0,,15.1327,"Composite: 45% price percentile, 35% drawdown, 20% trend",price_only
2024-08-22,5570.640137,98.545,-1.7038,1.455,5.6795,70.0,,16.6426,"Composite: 45% price percentile, 35% drawdown, 20% trend",price_only
2024-08-23,5634.609863,99.8677,-0.5751,0.1323,1.9169,70.0,,14.7304,"Composite: 45% price percentile, 35% drawdown, 20% trend",price_only
2024-08-26,5616.839844,99.3386,-0.8886,0.6614,2.9621,70.0,,15.3344,"Composite: 45% price percentile, 35% drawdown, 20% trend",price_only
2024-08-27,5625.799805,99.4709,-0.7305,0.5291,2.4351,70.0,,15.0904,"Composite: 45% price percentile, 35% drawdown, 20% trend",price_only
2024-08-28,5592.180176,98.6772,-1.3238,1.3228,4.4125,70.0,,16.1396,"Composite: 45% price percentile, 35% drawdown, 20% trend",price_only
2024-08-29,5591.959961,98.545,-1.3276,1.455,4.4255,70.0,,16.2037,"Composite: 45% price percentile, 35% drawdown, 20% trend",price_only
2024-08-30,5648.399902,99.8677,-0.3317,0.1323,1.1058,70.0,,14.4466,"Composite: 45% price percentile, 35% drawdown, 20% trend",price_only
2024-09-03,5528.930176,96.6931,-2.4398,3.3069,8.1328,70.0,,18.3346,"Composite: 45% price percentile, 35% drawdown, 20% trend",price_only
2024-09-04,5520.069824,96.4286,-2.5962,3.5714,8.6539,70.0,,18.636,"Composite: 45% price percentile, 35% drawdown, 20% trend",price_only
2024-09-05,5503.410156,96.0317,-2.8901,3.9683,9.6338,70.0,,19.1576,"Composite: 45% price percentile, 35% drawdown, 20% trend",price_only
2024-09-06,5408.419922,93.254,-4.5663,6.746,15.2209,70.0,,22.363,"Composite: 45% price percentile, 35% drawdown, 20% trend",price_only
2024-09-09,5471.049805,95.1058,-3.4612,4.8942,11.5372,70.0,,20.2404,"Composite: 45% price percentile, 35% drawdown, 20% trend",price_only
2024-09-10,5495.52002,95.8995,-3.0294,4.1005,10.0979,70.0,,19.3795,"Composite: 45% price percentile, 35% drawdown, 20% trend",price_only
2024-09-11,5554.129883,97.0899,-1.9952,2.9101,6.6506,70.0,,17.6373,"Composite: 45% price percentile, 35% drawdown, 20% trend",price_only
2024-09-12,5595.759766,98.545,-1.2606,1.455,4.202,70.0,,16.1254,"Composite: 45% price percentile, 35% drawdown, 20% trend",price_only
2024-09-13,5626.02002,99.3386,-0.7266,0.6614,2.4221,70.0,,15.1454,"Composite: 45% price percentile, 35% drawdown, 20% trend",price_only
2024-09-16,5633.089844,99.4709,-0.6019,0.5291,2.0063,70.0,,14.9403,"Composite: 45% price percentile, 35% drawdown, 20% trend",price_only
2024-09-17,5634.580078,99.6032,-0.5756,0.3968,1.9186,70.0,,14.8501,"Composite: 45% price percentile, 35% drawdown, 20% trend",price_only
2024-09-18,5618.259766,98.6772,-0.8636,1.3228,2.8786,70.0,,15.6028,"Composite: 45% price percentile, 35% drawdown, 20% trend",price_only
2024-09-19,5713.640137,100.0,0.0,0.0,0.0,70.0,,14.0,"Composite: 45% price percentile, 35% drawdown, 20% trend",price_only
2024-09-20,5702.549805,99.8677,-0.1941,0.1323,0.647,70.0,,14.286,"Composite: 45% price percentile, 35% drawdown, 20% trend",price_only
2024-09-23,5718.569824,100.0,0.0,0.0,0.0,70.0,,14.0,"Composite: 45% price percentile, 35% drawdown, 20% trend",price_only
2024-09-24,5732.930176,100.0,0.0,0.0,0.0,70.0,,14.0,"Composite: 45% price percentile, 35% drawdown, 20% trend",price_only
2024-09-25,5722.259766,99.8677,-0.1861,0.1323,0.6204,70.0,,14.2767,"Composite: 45% price percentile, 35% drawdown, 20% trend",price_only
2024-09-26,5745.370117,100.0,0.0,0.0,0.0,70.0,,14.0,"Composite: 45% price percentile, 35% drawdown, 20% trend",price_only
2024-09-27,5738.169922,99.8677,-0.1253,0.1323,0.4177,70.0,,14.2057,"Composite: 45% price percentile, 35% drawdown, 20% trend",price_only
2024-09-30,5762.47998,100.0,0.0,0.0,0.0,70.0,,14.0,"Composite: 45% price percentile, 35% drawdown, 20% trend",price_only
2024-10-01,5708.75,99.0741,-0.9324,0.9259,3.108,70.0,,15.5045,"Composite: 45% price percentile, 35% drawdown, 20% trend",price_only
2024-10-02,5709.540039,99.0741,-0.9187,0.9259,3.0623,70.0,,15.4885,"Composite: 45% price percentile, 35% drawdown, 20% trend",price_only
2024-10-03,5699.939941,98.6772,-1.0853,1.3228,3.6177,70.0,,15.8615,"Composite: 45% price percentile, 35% drawdown, 20% trend",price_only
2024-10-04,5751.069824,99.8677,-0.198,0.1323,0.66,70.0,,14.2905,"Composite: 45% price percentile, 35% drawdown, 20% trend",price_only
2024-10-07,5695.939941,98.4127,-1.1547,1.5873,3.849,70.0,,16.0614,"Composite: 45% price percentile, 35% drawdown, 20% trend",price_only
2024-10-08,5751.129883,99.8677,-0.197,0.1323,0.6566,70.0,,14.2893,"Composite: 45% price percentile, 35% drawdown, 20% trend",price_only
2024-10-09,5792.040039,100.0,0.0,0.0,0.0,70.0,,14.0,"Composite: 45% price percentile, 35% drawdown, 20% trend",price_only
2024-10-10,5780.049805,99.8677,-0.207,0.1323,0.69,70.0,,14.301,"Composite: 45% price percentile, 35% drawdown, 20% trend",price_only
2024-10-11,5815.029785,100.0,0.0,0.0,0.0,70.0,,14.0,"Composite: 45% price percentile, 35% drawdown, 20% trend",price_only
2024-10-14,5859.850098,100.0,0.0,0.0,0.0,70.0,,14.0,"Composite: 45% price percentile, 35% drawdown, 20% trend",price_only
2024-10-15,5815.259766,99.8677,-0.7609,0.1323,2.5365,70.0,,14.9473,"Composite: 45% price percentile, 35% drawdown, 20% trend",price_only
2024-10-16,5842.470215,99.8677,-0.2966,0.1323,0.9886,70.0,,14.4055,"Composite: 45% price percentile, 35% drawdown, 20% trend",price_only
2024-10-17,5841.470215,99.7354,-0.3137,0.2646,1.0455,70.0,,14.485,"Composite: 45% price percentile, 35% drawdown, 20% trend",price_only
2024-10-18,5864.669922,100.0,0.0,0.0,0.0,70.0,,14.0,"Composite: 45% price percentile, 35% drawdown, 20% trend",price_only
2024-10-21,5853.97998,99.7354,-0.1823,0.2646,0.6076,70.0,,14.3317,"Composite: 45% price percentile, 35% drawdown, 20% trend",price_only
2024-10-22,5851.200195,99.6032,-0.2297,0.3968,0.7656,70.0,,14.4465,"Composite: 45% price percentile, 35% drawdown, 20% trend",price_only
2024-10-23,5797.419922,98.9418,-1.1467,1.0582,3.8223,70.0,,15.814,"Composite: 45% price percentile, 35% drawdown, 20% trend",price_only
2024-10-24,5809.859863,98.9418,-0.9346,1.0582,3.1153,70.0,,15.5665,"Composite: 45% price percentile, 35% drawdown, 20% trend",price_only
2024-10-25,5808.120117,98.8095,-0.9642,1.1905,3.2142,70.0,,15.6607,"Composite: 45% price percentile, 35% drawdown, 20% trend",price_only
2024-10-28,5823.52002,99.2063,-0.7017,0.7937,2.3389,70.0,,15.1758,"Composite: 45% price percentile, 35% drawdown, 20% trend",price_only
2024-10-29,5832.919922,99.2063,-0.5414,0.7937,1.8046,70.0,,14.9888,"Composite: 45% price percentile, 35% drawdown, 20% trend",price_only
2024-10-30,5813.669922,98.6772,-0.8696,1.3228,2.8987,70.0,,15.6098,"Composite: 45% price percentile, 35% drawdown, 20% trend",price_only
2024-10-31,5705.450195,96.4286,-2.7149,3.5714,9.0497,70.0,,18.7745,"Composite: 45% price percentile, 35% drawdown, 20% trend",price_only
2024-11-01,5728.799805,97.0899,-2.3168,2.9101,7.7225,70.0,,18.0124,"Composite: 45% price percentile, 35% drawdown, 20% trend",price_only
2024-11-04,5712.689941,96.5608,-2.5914,3.4392,8.6382,70.0,,18.571,"Composite: 45% price percentile, 35% drawdown, 20% trend",price_only
2024-11-05,5782.759766,98.0159,-1.3967,1.9841,4.6556,70.0,,16.5223,"Composite: 45% price percentile, 35% drawdown, 20% trend",price_only
2024-11-06,5929.040039,100.0,0.0,0.0,0.0,70.0,,14.0,"Composite: 45% price percentile, 35% drawdown, 20% trend",price_only
2024-11-07,5973.100098,100.0,0.0,0.0,0.0,70.0,,14.0,"Composite: 45% price percentile, 35% drawdown, 20% trend",price_only
2024-11-08,5995.540039,100.0,0.0,0.0,0.0,70.0,,14.0,"Composite: 45% price percentile, 35% drawdown, 20% trend",price_only
2024-11-11,6001.350098,100.0,0.0,0.0,0.0,70.0,,14.0,"Composite: 45% price percentile, 35% drawdown, 20% trend",price_only
2024-11-12,5983.990234,99.7354,-0.2893,0.2646,0.9642,70.0,,14.4565,"Composite: 45% price percentile, 35% drawdown, 20% trend",price_only
2024-11-13,5985.379883,99.7354,-0.2661,0.2646,0.887,70.0,,14.4295,"Composite: 45% price percentile, 35% drawdown, 20% trend",price_only
2024-11-14,5949.169922,99.3386,-0.8695,0.6614,2.8982,70.0,,15.312,"Composite: 45% price percentile, 35% drawdown, 20% trend",price_only
2024-11-15,5870.620117,99.0741,-2.1783,0.9259,7.2611,70.0,,16.958,"Composite: 45% price percentile, 35% drawdown, 20% trend",price_only
2024-11-18,5893.620117,99.0741,-1.7951,0.9259,5.9837,70.0,,16.511,"Composite: 45% price percentile, 35% drawdown, 20% trend",price_only
2024-11-19,5916.97998,99.0741,-1.4059,0.9259,4.6862,70.0,,16.0568,"Composite: 45% price percentile, 35% drawdown, 20% trend",price_only
2024-11-20,5917.109863,99.0741,-1.4037,0.9259,4.679,70.0,,16.0543,"Composite: 45% price percentile, 35% drawdown, 20% trend",price_only
2024-11-21,5948.709961,99.2063,-0.8771,0.7937,2.9238,70.0,,15.3805,"Composite: 45% price percentile, 35% drawdown, 20% trend",price_only
2024-11-22,5969.339844,99.3386,-0.5334,0.6614,1.7779,70.0,,14.9199,"Composite: 45% price percentile, 35% drawdown, 20% trend",price_only
2024-11-25,5987.370117,99.7354,-0.2329,0.2646,0.7765,70.0,,14.3908,"Composite: 45% price percentile, 35% drawdown, 20% trend",price_only
2024-11-26,6021.629883,100.0,0.0,0.0,0.0,70.0,,14.0,"Composite: 45% price percentile, 35% drawdown, 20% trend",price_only
2024-11-27,5998.740234,99.7354,-0.3801,0.2646,1.2671,70.0,,14.5626,"Composite: 45% price percentile, 35% drawdown, 20% trend",price_only
2024-11-29,6032.379883,100.0,0.0,0.0,0.0,70.0,,14.0,"Composite: 45% price percentile, 35% drawdown, 20% trend",price_only
2024-12-02,6047.149902,100.0,0.0,0.0,0.0,70.0,,14.0,"Composite: 45% price percentile, 35% drawdown, 20% trend",price_only
2024-12-03,6049.879883,100.0,0.0,0.0,0.0,70.0,,14.0,"Composite: 45% price percentile, 35% drawdown, 20% trend",price_only
2024-12-04,6086.490234,100.0,0.0,0.0,0.0,70.0,,14.0,"Composite: 45% price percentile, 35% drawdown, 20% trend",price_only
2024-12-05,6075.109863,99.8677,-0.187,0.1323,0.6233,70.0,,14.2777,"Composite: 45% price percentile, 35% drawdown, 20% trend",price_only
2024-12-06,6090.27002,100.0,0.0,0.0,0.0,70.0,,14.0,"Composite: 45% price percentile, 35% drawdown, 20% trend",price_only
2024-12-09,6052.850098,99.6032,-0.6144,0.3968,2.0481,70.0,,14.8954,"Composite: 45% price percentile, 35% drawdown, 20% trend",price_only
2024-12-10,6034.910156,99.2063,-0.909,0.7937,3.03,70.0,,15.4177,"Composite: 45% price percentile, 35% drawdown, 20% trend",price_only
2024-12-11,6084.189941,99.7354,-0.0998,0.2646,0.3328,70.0,,14.2356,"Composite: 45% price percentile, 35% drawdown, 20% trend",price_only
2024-12-12,6051.25,99.3386,-0.6407,0.6614,2.1356,70.0,,15.0451,"Composite: 45% price percentile, 35% drawdown, 20% trend",price_only
2024-12-13,6051.089844,99.2063,-0.6433,0.7937,2.1444,70.0,,15.1077,"Composite: 45% price percentile, 35% drawdown, 20% trend",price_only
2024-12-16,6074.080078,99.4709,-0.2658,0.5291,0.8861,70.0,,14.5482,"Composite: 45% price percentile, 35% drawdown, 20% trend",price_only
2024-12-17,6050.609863,98.9418,-0.6512,1.0582,2.1707,70.0,,15.2359,"Composite: 45% price percentile, 35% drawdown, 20% trend",price_only
2024-12-18,5872.160156,96.2963,-3.5813,3.7037,11.9376,70.0,,19.8448,"Composite: 45% price percentile, 35% drawdown, 20% trend",price_only
2024-12-19,5867.080078,96.0317,-3.6647,3.9683,12.2157,70.0,,20.0612,"Composite: 45% price percentile, 35% drawdown, 20% trend",price_only
2024-12-20,5930.850098,96.8254,-2.6176,3.1746,8.7254,70.0,,18.4825,"Composite: 45% price percentile, 35% drawdown, 20% trend",price_only
2024-12-23,5974.069824,97.3545,-1.908,2.6455,6.3599,70.0,,17.4164,"Composite: 45% price percentile, 35% drawdown, 20% trend",price_only
2024-12-24,6040.040039,98.545,-0.8248,1.455,2.7492,70.0,,15.617,"Composite: 45% price percentile, 35% drawdown, 20% trend",price_only
2024-12-26,6037.589844,98.4127,-0.865,1.5873,2.8833,70.0,,15.7234,"Composite: 45% price percentile, 35% drawdown, 20% trend",price_only
2024-12-27,5970.839844,96.8254,-1.961,3.1746,6.5367,70.0,,17.7164,"Composite: 45% price percentile, 35% drawdown, 20% trend",price_only
2024-12-30,5906.939941,95.7672,-3.0102,4.2328,10.034,70.0,,19.4167,"Composite: 45% price percentile, 35% drawdown, 20% trend",price_only
2024-12-31,5881.629883,95.5026,-3.4258,4.4974,11.4193,70.0,,20.0206,"Composite: 45% price percentile, 35% drawdown, 20% trend",price_only
