date,index_close,pe_ttm,equal_weight_pe_ttm,median_pe_ttm,pe_static,pb,equal_weight_pb,median_pb,earnings_yield,slug,name,source
2018-01-02,4087.4,14.25,35.61,26.53,15.71,1.68,3.61,2.51,7.017544,csi_300,CSI 300,Legulegu via AkShare
2018-01-03,4111.39,14.32,35.99,26.42,15.78,1.69,3.65,2.55,6.98324,csi_300,CSI 300,Legulegu via AkShare
2018-01-04,4128.81,14.37,36.09,26.5,15.84,1.7,3.66,2.56,6.958942,csi_300,CSI 300,Legulegu via AkShare
2018-01-05,4138.75,14.41,36.08,26.45,15.88,1.7,3.66,2.57,6.939625,csi_300,CSI 300,Legulegu via AkShare
2018-01-08,4160.16,14.47,36.25,26.74,15.96,1.71,3.66,2.58,6.91085,csi_300,CSI 300,Legulegu via AkShare
2018-01-09,4189.3,14.52,36.3,26.9,16.01,1.71,3.67,2.54,6.887052,csi_300,CSI 300,Legulegu via AkShare
2018-01-10,4207.81,14.63,35.34,26.68,16.12,1.72,3.67,2.54,6.83527,csi_300,CSI 300,Legulegu via AkShare
2018-01-11,4205.59,14.65,35.51,26.73,16.14,1.73,3.67,2.53,6.825939,csi_300,CSI 300,Legulegu via AkShare
2018-01-12,4225.0,14.7,35.36,26.74,16.21,1.73,3.67,2.55,6.802721,csi_300,CSI 300,Legulegu via AkShare
2018-01-15,4225.24,14.72,35.55,26.54,16.27,1.74,3.61,2.48,6.793478,csi_300,沪深300,Legulegu via AkShare
2018-01-16,4258.47,14.8,34.95,26.33,16.39,1.75,3.63,2.55,6.756757,csi_300,CSI 300,Legulegu via AkShare
2018-01-17,4248.12,14.84,35.83,26.39,16.44,1.76,3.62,2.58,6.738544,csi_300,CSI 300,Legulegu via AkShare
2018-01-18,4271.42,15.03,35.84,26.22,16.65,1.78,3.61,2.57,6.65336,csi_300,CSI 300,Legulegu via AkShare
2018-01-19,4285.4,15.12,36.06,26.56,16.75,1.79,3.62,2.56,6.613757,csi_300,CSI 300,Legulegu via AkShare
2018-01-22,4336.6,15.21,35.55,26.72,16.85,1.8,3.67,2.57,6.574622,csi_300,CSI 300,Legulegu via AkShare
2018-01-23,4382.61,15.52,35.85,26.88,17.19,1.83,3.7,2.58,6.443299,csi_300,CSI 300,Legulegu via AkShare
2018-01-24,4389.89,15.53,36.13,27.15,17.21,1.83,3.72,2.58,6.43915,csi_300,CSI 300,Legulegu via AkShare
2018-01-25,4365.08,15.44,36.03,26.89,17.12,1.82,3.7,2.6,6.476684,csi_300,沪深300,Legulegu via AkShare
2018-01-26,4381.3,15.51,35.98,26.93,17.2,1.83,3.7,2.56,6.447453,csi_300,CSI 300,Legulegu via AkShare
2018-01-29,4302.02,15.31,35.44,26.46,16.99,1.81,3.62,2.52,6.531679,csi_300,CSI 300,Legulegu via AkShare
2018-01-30,4256.1,15.1,35.18,26.33,16.77,1.78,3.6,2.49,6.622517,csi_300,CSI 300,Legulegu via AkShare
2018-01-31,4275.9,15.19,34.91,26.23,16.86,1.79,3.57,2.47,6.583278,csi_300,CSI 300,Legulegu via AkShare
2018-02-01,4245.9,15.19,34.9,25.97,16.86,1.79,3.49,2.4,6.583278,csi_300,CSI 300,Legulegu via AkShare
2018-02-02,4271.23,15.3,35.31,26.3,16.98,1.81,3.51,2.42,6.535948,csi_300,CSI 300,Legulegu via AkShare
2018-02-05,4274.15,15.43,35.14,26.12,17.12,1.82,3.47,2.43,6.480881,csi_300,CSI 300,Legulegu via AkShare
2018-02-06,4148.89,14.99,33.57,25.01,16.64,1.77,3.33,2.34,6.671114,csi_300,CSI 300,Legulegu via AkShare
2018-02-07,4050.5,14.56,33.4,24.42,16.16,1.72,3.29,2.33,6.868132,csi_300,CSI 300,Legulegu via AkShare
2018-02-08,4012.05,14.27,33.54,24.65,15.83,1.69,3.31,2.32,7.007708,csi_300,CSI 300,Legulegu via AkShare
2018-02-09,3840.65,13.69,32.08,23.38,15.19,1.62,3.2,2.21,7.304602,csi_300,CSI 300,Legulegu via AkShare
2018-02-12,3890.1,13.76,32.77,23.85,15.26,1.62,3.28,2.24,7.267442,csi_300,CSI 300,Legulegu via AkShare
2018-02-13,3935.63,13.93,33.43,23.98,15.45,1.64,3.3,2.29,7.178751,csi_300,CSI 300,Legulegu via AkShare
2018-02-14,3966.96,14.0,33.59,24.19,15.55,1.65,3.31,2.29,7.142857,csi_300,CSI 300,Legulegu via AkShare
2018-02-22,4052.73,14.33,34.43,24.58,15.91,1.69,3.39,2.34,6.978367,csi_300,CSI 300,Legulegu via AkShare
2018-02-23,4071.09,14.41,34.51,24.59,16.0,1.7,3.39,2.35,6.939625,csi_300,CSI 300,Legulegu via AkShare
2018-02-26,4118.42,14.54,35.1,25.2,16.15,1.72,3.47,2.39,6.877579,csi_300,CSI 300,Legulegu via AkShare
2018-02-27,4058.98,14.3,34.99,25.23,15.87,1.69,3.44,2.37,6.993007,csi_300,CSI 300,Legulegu via AkShare
2018-02-28,4023.64,14.12,34.62,24.89,15.7,1.67,3.4,2.33,7.082153,csi_300,CSI 300,Legulegu via AkShare
2018-03-01,4049.09,14.18,34.12,24.92,15.76,1.67,3.44,2.31,7.052186,csi_300,CSI 300,Legulegu via AkShare
2018-03-02,4016.46,14.08,34.8,24.67,15.64,1.66,3.41,2.3,7.102273,csi_300,CSI 300,Legulegu via AkShare
2018-03-05,4018.1,14.08,34.26,24.72,15.65,1.66,3.43,2.31,7.102273,csi_300,CSI 300,Legulegu via AkShare
2018-03-06,4066.56,14.21,34.63,24.94,15.79,1.68,3.48,2.38,7.037298,csi_300,CSI 300,Legulegu via AkShare
2018-03-07,4036.65,14.15,35.29,24.64,15.73,1.67,3.45,2.34,7.067138,csi_300,CSI 300,Legulegu via AkShare
2018-03-08,4077.6,14.23,34.64,24.75,15.81,1.68,3.48,2.38,7.027407,csi_300,CSI 300,Legulegu via AkShare
2018-03-09,4108.87,14.3,35.1,24.96,15.89,1.69,3.53,2.4,6.993007,csi_300,CSI 300,Legulegu via AkShare
2018-03-12,4127.67,14.33,35.49,25.61,15.93,1.69,3.57,2.4,6.978367,csi_300,CSI 300,Legulegu via AkShare
2018-03-13,4091.25,14.23,35.15,25.24,15.83,1.67,3.53,2.35,7.027407,csi_300,CSI 300,Legulegu via AkShare
2018-03-14,4073.34,14.17,34.88,25.06,15.8,1.66,3.51,2.33,7.057163,csi_300,CSI 300,Legulegu via AkShare
2018-03-15,4096.16,14.21,34.87,25.31,15.83,1.67,3.52,2.34,7.037298,csi_300,CSI 300,Legulegu via AkShare
2018-03-16,4056.42,14.09,34.01,25.13,15.69,1.66,3.48,2.32,7.097232,csi_300,CSI 300,Legulegu via AkShare
2018-03-19,4074.25,14.15,34.06,25.02,15.76,1.66,3.49,2.33,7.067138,csi_300,CSI 300,Legulegu via AkShare
2018-03-20,4077.7,14.21,34.11,24.76,15.82,1.67,3.5,2.33,7.037298,csi_300,CSI 300,Legulegu via AkShare
2018-03-21,4061.05,14.05,33.95,24.82,15.57,1.66,3.48,2.33,7.117438,csi_300,CSI 300,Legulegu via AkShare
2018-03-22,4020.35,13.94,33.72,25.08,15.45,1.65,3.45,2.31,7.173601,csi_300,CSI 300,Legulegu via AkShare
2018-03-23,3904.94,13.57,33.39,23.9,14.81,1.61,3.32,2.24,7.369197,csi_300,CSI 300,Legulegu via AkShare
2018-03-26,3879.89,13.39,33.19,23.77,14.38,1.58,3.36,2.25,7.46826,csi_300,CSI 300,Legulegu via AkShare
2018-03-27,3913.27,13.44,33.96,24.16,14.32,1.6,3.41,2.27,7.440476,csi_300,CSI 300,Legulegu via AkShare
2018-03-28,3842.72,13.2,33.55,23.93,13.91,1.57,3.36,2.22,7.575758,csi_300,CSI 300,Legulegu via AkShare
2018-03-29,3894.05,13.39,33.69,24.28,14.06,1.59,3.39,2.26,7.46826,csi_300,CSI 300,Legulegu via AkShare
2018-03-30,3898.5,13.37,34.07,24.41,13.81,1.59,3.44,2.22,7.479432,csi_300,CSI 300,Legulegu via AkShare
2018-04-02,3886.92,13.29,34.09,24.45,13.68,1.58,3.44,2.21,7.524454,csi_300,CSI 300,Legulegu via AkShare
2018-04-03,3862.48,13.19,33.7,24.2,13.57,1.56,3.4,2.18,7.581501,csi_300,CSI 300,Legulegu via AkShare
2018-04-04,3854.86,13.15,33.45,24.23,13.53,1.56,3.38,2.17,7.604563,csi_300,CSI 300,Legulegu via AkShare
2018-04-09,3852.93,13.16,33.63,23.89,13.54,1.56,3.39,2.18,7.598784,csi_300,CSI 300,Legulegu via AkShare
2018-04-10,3927.17,13.44,33.85,24.02,13.79,1.6,3.42,2.22,7.440476,csi_300,沪深300,Legulegu via AkShare
2018-04-11,3938.34,13.51,33.98,24.33,13.87,1.6,3.43,2.24,7.401925,csi_300,CSI 300,Legulegu via AkShare
2018-04-12,3898.64,13.35,33.82,24.26,13.69,1.58,3.41,2.21,7.490637,csi_300,CSI 300,Legulegu via AkShare
2018-04-13,3871.14,13.24,33.61,24.05,13.59,1.57,3.4,2.18,7.55287,csi_300,CSI 300,Legulegu via AkShare
2018-04-16,3808.86,12.99,33.37,23.81,13.31,1.54,3.37,2.13,7.698229,csi_300,CSI 300,Legulegu via AkShare
2018-04-17,3748.64,12.82,32.58,23.52,13.12,1.52,3.27,2.11,7.800312,csi_300,CSI 300,Legulegu via AkShare
2018-04-18,3766.28,12.91,32.91,23.43,13.22,1.53,3.29,2.13,7.745933,csi_300,CSI 300,Legulegu via AkShare
2018-04-19,3811.84,13.03,33.11,23.75,13.35,1.55,3.32,2.12,7.674597,csi_300,CSI 300,Legulegu via AkShare
2018-04-20,3760.85,12.87,32.43,23.53,13.16,1.53,3.27,2.1,7.770008,csi_300,CSI 300,Legulegu via AkShare
2018-04-23,3766.33,12.89,32.28,23.59,13.2,1.53,3.24,2.1,7.757952,csi_300,CSI 300,Legulegu via AkShare
2018-04-24,3843.49,13.12,32.86,24.08,13.39,1.56,3.29,2.16,7.621951,csi_300,CSI 300,Legulegu via AkShare
2018-04-25,3828.7,13.02,32.88,23.97,13.28,1.55,3.3,2.13,7.680492,csi_300,CSI 300,Legulegu via AkShare
2018-04-26,3755.49,12.8,31.93,23.42,13.02,1.52,3.2,2.11,7.8125,csi_300,CSI 300,Legulegu via AkShare
2018-04-27,3756.88,12.74,32.5,23.37,13.05,1.52,3.19,2.08,7.849294,csi_300,CSI 300,Legulegu via AkShare
2018-05-02,3763.65,12.56,32.38,23.31,13.0,1.5,3.17,2.04,7.961783,csi_300,CSI 300,Legulegu via AkShare
2018-05-03,3793.0,12.63,32.65,23.79,13.08,1.51,3.19,2.07,7.917656,csi_300,CSI 300,Legulegu via AkShare
2018-05-04,3774.6,12.57,31.7,23.6,13.01,1.5,3.2,2.07,7.955449,csi_300,CSI 300,Legulegu via AkShare
2018-05-07,3834.19,12.75,32.17,23.83,13.2,1.52,3.25,2.11,7.843137,csi_300,CSI 300,Legulegu via AkShare
2018-05-08,3878.68,12.88,32.35,23.84,13.34,1.54,3.27,2.13,7.763975,csi_300,CSI 300,Legulegu via AkShare
2018-05-09,3871.62,12.87,32.24,23.83,13.33,1.54,3.27,2.13,7.770008,csi_300,CSI 300,Legulegu via AkShare
2018-05-10,3893.06,12.93,33.29,23.79,13.39,1.55,3.3,2.14,7.733952,csi_300,CSI 300,Legulegu via AkShare
2018-05-11,3872.84,12.91,32.17,23.62,13.37,1.54,3.28,2.13,7.745933,csi_300,CSI 300,Legulegu via AkShare
2018-05-14,3909.29,13.0,33.1,23.74,13.46,1.55,3.3,2.15,7.692308,csi_300,CSI 300,Legulegu via AkShare
2018-05-15,3924.1,13.04,33.41,23.85,13.5,1.56,3.33,2.15,7.668712,csi_300,CSI 300,Legulegu via AkShare
2018-05-16,3892.84,12.91,33.23,23.76,13.37,1.54,3.33,2.13,7.745933,csi_300,CSI 300,Legulegu via AkShare
2018-05-17,3864.05,12.84,33.05,23.58,13.3,1.53,3.3,2.14,7.788162,csi_300,CSI 300,Legulegu via AkShare
2018-05-18,3903.06,13.02,33.29,23.71,13.48,1.56,3.32,2.16,7.680492,csi_300,CSI 300,Legulegu via AkShare
2018-05-21,3921.24,13.05,33.59,23.98,13.51,1.56,3.35,2.18,7.662835,csi_300,CSI 300,Legulegu via AkShare
2018-05-22,3906.21,12.99,33.64,23.75,13.44,1.55,3.37,2.16,7.698229,csi_300,CSI 300,Legulegu via AkShare
2018-05-23,3854.58,12.79,33.31,23.77,13.24,1.53,3.34,2.11,7.818608,csi_300,CSI 300,Legulegu via AkShare
2018-05-24,3827.22,12.7,33.16,23.42,13.15,1.52,3.33,2.11,7.874016,csi_300,CSI 300,Legulegu via AkShare
2018-05-25,3816.5,12.66,32.93,23.39,13.1,1.52,3.31,2.11,7.898894,csi_300,CSI 300,Legulegu via AkShare
2018-05-28,3833.26,12.68,32.81,23.62,13.12,1.52,3.32,2.11,7.886435,csi_300,CSI 300,Legulegu via AkShare
2018-05-29,3804.01,12.6,32.42,23.29,13.04,1.51,3.28,2.08,7.936508,csi_300,CSI 300,Legulegu via AkShare
2018-05-30,3723.37,12.33,31.65,22.78,12.75,1.48,3.21,2.01,8.1103,csi_300,CSI 300,Legulegu via AkShare
2018-05-31,3802.38,12.55,32.16,23.04,12.98,1.5,3.27,2.05,7.968127,csi_300,CSI 300,Legulegu via AkShare
2018-06-01,3770.59,12.47,31.9,22.89,12.9,1.5,3.23,2.03,8.019246,csi_300,CSI 300,Legulegu via AkShare
2018-06-04,3807.58,12.56,31.73,22.92,12.98,1.51,3.23,2.04,7.961783,csi_300,CSI 300,Legulegu via AkShare
2018-06-05,3845.32,12.63,32.16,23.18,13.05,1.52,3.28,2.05,7.917656,csi_300,CSI 300,Legulegu via AkShare
2018-06-06,3837.35,12.6,32.22,23.17,13.02,1.52,3.29,2.06,7.936508,csi_300,CSI 300,Legulegu via AkShare
2018-06-07,3831.01,12.61,32.04,23.22,13.02,1.52,3.28,2.05,7.930214,csi_300,CSI 300,Legulegu via AkShare
2018-06-08,3779.62,12.43,31.55,22.78,12.83,1.5,3.25,2.02,8.045052,csi_300,CSI 300,Legulegu via AkShare
2018-06-11,3779.98,12.62,29.91,22.58,13.07,1.53,3.43,2.11,7.92393,csi_300,CSI 300,Legulegu via AkShare
2018-06-12,3825.95,12.75,30.14,22.78,13.2,1.55,3.47,2.12,7.843137,csi_300,CSI 300,Legulegu via AkShare
2018-06-13,3788.34,12.64,29.65,22.44,13.09,1.54,3.42,2.1,7.911392,csi_300,CSI 300,Legulegu via AkShare
2018-06-14,3773.37,12.62,29.57,22.24,13.07,1.53,3.4,2.1,7.92393,csi_300,CSI 300,Legulegu via AkShare
2018-06-15,3753.43,12.6,29.15,22.12,13.04,1.53,3.36,2.09,7.936508,csi_300,CSI 300,Legulegu via AkShare
2018-06-19,3621.12,12.26,27.61,20.8,12.69,1.49,3.21,1.97,8.156607,csi_300,CSI 300,Legulegu via AkShare
2018-06-20,3635.44,12.25,27.8,20.76,12.68,1.49,3.25,1.97,8.163265,csi_300,CSI 300,Legulegu via AkShare
2018-06-21,3592.97,12.12,27.23,20.02,12.55,1.48,3.19,1.91,8.250825,csi_300,CSI 300,Legulegu via AkShare
2018-06-22,3608.9,12.15,27.52,20.24,12.58,1.48,3.23,1.93,8.230453,csi_300,CSI 300,Legulegu via AkShare
2018-06-25,3560.48,11.98,27.33,20.07,12.4,1.46,3.21,1.88,8.347245,csi_300,CSI 300,Legulegu via AkShare
2018-06-26,3531.11,11.86,27.41,20.14,12.27,1.45,3.21,1.9,8.431703,csi_300,CSI 300,Legulegu via AkShare
2018-06-27,3459.26,11.67,27.06,19.9,12.08,1.42,3.14,1.87,8.56898,csi_300,CSI 300,Legulegu via AkShare
2018-06-28,3423.53,11.56,26.85,19.95,11.97,1.41,3.11,1.86,8.650519,csi_300,CSI 300,Legulegu via AkShare
2018-06-29,3510.98,11.81,27.61,20.23,12.23,1.44,3.22,1.89,8.467401,csi_300,CSI 300,Legulegu via AkShare
2018-07-02,3407.96,11.45,27.12,19.69,11.86,1.4,3.16,1.84,8.733624,csi_300,CSI 300,Legulegu via AkShare
2018-07-03,3409.28,11.47,27.34,19.82,11.88,1.4,3.17,1.85,8.718396,csi_300,CSI 300,Legulegu via AkShare
2018-07-04,3363.75,11.4,26.96,19.69,11.8,1.39,3.11,1.8,8.77193,csi_300,CSI 300,Legulegu via AkShare
2018-07-05,3342.44,11.37,26.45,19.49,11.77,1.38,3.06,1.77,8.795075,csi_300,CSI 300,Legulegu via AkShare
2018-07-06,3365.12,11.43,26.55,19.31,11.84,1.39,3.08,1.8,8.748906,csi_300,CSI 300,Legulegu via AkShare
2018-07-09,3459.18,11.76,27.18,19.61,12.18,1.43,3.17,1.82,8.503401,csi_300,CSI 300,Legulegu via AkShare
2018-07-10,3467.52,11.79,27.33,19.61,12.21,1.44,3.19,1.84,8.481764,csi_300,CSI 300,Legulegu via AkShare
2018-07-11,3407.53,11.6,26.8,19.17,12.01,1.42,3.14,1.82,8.62069,csi_300,CSI 300,Legulegu via AkShare
2018-07-12,3481.06,11.85,27.49,19.71,12.26,1.45,3.23,1.87,8.438819,csi_300,CSI 300,Legulegu via AkShare
2018-07-13,3492.69,11.81,27.6,19.74,12.23,1.45,3.26,1.87,8.467401,csi_300,CSI 300,Legulegu via AkShare
2018-07-16,3472.09,11.7,27.69,19.62,12.12,1.44,3.26,1.87,8.547009,csi_300,CSI 300,Legulegu via AkShare
2018-07-17,3449.38,11.58,27.6,19.66,11.99,1.43,3.25,1.87,8.635579,csi_300,CSI 300,Legulegu via AkShare
2018-07-18,3431.32,11.54,27.48,19.66,11.95,1.43,3.22,1.84,8.665511,csi_300,CSI 300,Legulegu via AkShare
2018-07-19,3428.34,11.51,27.25,19.4,11.92,1.43,3.2,1.82,8.688097,csi_300,CSI 300,Legulegu via AkShare
2018-07-20,3492.89,11.79,27.57,19.63,12.21,1.46,3.23,1.86,8.481764,csi_300,CSI 300,Legulegu via AkShare
2018-07-23,3525.75,11.92,27.81,19.73,12.36,1.48,3.23,1.88,8.389262,csi_300,CSI 300,Legulegu via AkShare
2018-07-24,3581.71,12.09,28.23,20.15,12.53,1.5,3.28,1.95,8.271299,csi_300,CSI 300,Legulegu via AkShare
2018-07-25,3577.75,12.07,28.25,20.17,12.52,1.5,3.28,1.95,8.285004,csi_300,CSI 300,Legulegu via AkShare
2018-07-26,3536.25,11.95,27.96,20.17,12.4,1.48,3.23,1.93,8.368201,csi_300,CSI 300,Legulegu via AkShare
2018-07-27,3521.23,11.91,27.8,19.98,12.36,1.48,3.21,1.91,8.396306,csi_300,CSI 300,Legulegu via AkShare
2018-07-30,3515.08,11.92,27.64,19.91,12.37,1.48,3.16,1.89,8.389262,csi_300,CSI 300,Legulegu via AkShare
2018-07-31,3517.66,11.93,27.59,19.95,12.41,1.49,3.15,1.91,8.38223,csi_300,CSI 300,Legulegu via AkShare
2018-08-01,3447.39,11.69,27.99,19.54,12.17,1.46,3.1,1.87,8.55432,csi_300,CSI 300,Legulegu via AkShare
2018-08-02,3370.96,11.45,27.34,18.98,11.93,1.43,3.03,1.81,8.733624,csi_300,CSI 300,Legulegu via AkShare
2018-08-03,3315.28,11.33,26.86,18.67,11.8,1.41,2.96,1.77,8.826125,csi_300,CSI 300,Legulegu via AkShare
2018-08-06,3273.27,11.23,26.28,18.25,11.7,1.4,2.88,1.75,8.90472,csi_300,CSI 300,Legulegu via AkShare
2018-08-07,3368.87,11.55,26.89,18.44,12.03,1.44,2.96,1.81,8.658009,csi_300,CSI 300,Legulegu via AkShare
2018-08-08,3314.51,11.39,26.43,18.15,11.86,1.42,2.9,1.77,8.779631,csi_300,CSI 300,Legulegu via AkShare
2018-08-09,3397.53,11.61,27.09,18.78,12.09,1.45,2.99,1.83,8.613264,csi_300,CSI 300,Legulegu via AkShare
2018-08-10,3405.02,11.59,27.25,18.93,12.08,1.44,3.01,1.83,8.628128,csi_300,CSI 300,Legulegu via AkShare
2018-08-13,3390.34,11.51,27.3,19.04,12.0,1.43,3.02,1.81,8.688097,csi_300,CSI 300,Legulegu via AkShare
2018-08-14,3372.91,11.48,27.07,18.8,11.97,1.43,2.99,1.8,8.710801,csi_300,CSI 300,Legulegu via AkShare
2018-08-15,3291.98,11.23,26.45,18.22,11.71,1.4,2.91,1.76,8.90472,csi_300,CSI 300,Legulegu via AkShare
2018-08-16,3276.73,11.18,26.11,18.2,11.66,1.39,2.88,1.76,8.944544,csi_300,CSI 300,Legulegu via AkShare
2018-08-17,3229.62,11.04,25.58,18.03,11.53,1.38,2.81,1.72,9.057971,csi_300,CSI 300,Legulegu via AkShare
2018-08-20,3267.25,11.19,25.77,18.19,11.68,1.4,2.82,1.73,8.93655,csi_300,CSI 300,Legulegu via AkShare
2018-08-21,3326.65,11.35,26.75,18.07,11.85,1.42,2.87,1.74,8.810573,csi_300,CSI 300,Legulegu via AkShare
2018-08-22,3307.95,11.22,25.75,17.9,11.78,1.4,2.84,1.72,8.912656,csi_300,CSI 300,Legulegu via AkShare
2018-08-23,3320.03,11.25,25.91,17.98,11.82,1.41,2.85,1.73,8.888889,csi_300,CSI 300,Legulegu via AkShare
2018-08-24,3325.33,11.3,25.88,18.03,11.86,1.41,2.84,1.72,8.849558,csi_300,CSI 300,Legulegu via AkShare
2018-08-27,3406.57,11.47,26.44,18.34,12.11,1.44,2.92,1.76,8.718396,csi_300,CSI 300,Legulegu via AkShare
2018-08-28,3400.17,11.41,26.36,18.53,12.09,1.43,2.92,1.79,8.764242,csi_300,CSI 300,Legulegu via AkShare
2018-08-29,3386.57,11.31,26.19,18.29,12.06,1.42,2.9,1.77,8.841733,csi_300,CSI 300,Legulegu via AkShare
2018-08-30,3351.09,11.17,25.41,17.81,11.93,1.4,2.85,1.75,8.952551,csi_300,CSI 300,Legulegu via AkShare
2018-08-31,3334.5,11.09,25.26,17.9,11.91,1.39,2.81,1.75,9.017133,csi_300,CSI 300,Legulegu via AkShare
2018-09-03,3321.82,11.06,25.29,17.83,11.87,1.39,2.8,1.75,9.041591,csi_300,CSI 300,Legulegu via AkShare
2018-09-04,3363.9,11.19,25.63,17.93,12.01,1.4,2.84,1.76,8.93655,csi_300,CSI 300,Legulegu via AkShare
2018-09-05,3298.14,10.97,25.3,17.77,11.78,1.38,2.8,1.74,9.11577,csi_300,CSI 300,Legulegu via AkShare
2018-09-06,3262.88,10.89,25.17,17.57,11.69,1.37,2.78,1.74,9.182736,csi_300,CSI 300,Legulegu via AkShare
2018-09-07,3277.64,10.93,25.17,17.59,11.74,1.37,2.78,1.76,9.149131,csi_300,CSI 300,Legulegu via AkShare
2018-09-10,3230.07,10.81,24.63,17.32,11.6,1.36,2.72,1.72,9.250694,csi_300,CSI 300,Legulegu via AkShare
2018-09-11,3224.21,10.79,24.77,17.46,11.58,1.35,2.72,1.72,9.267841,csi_300,CSI 300,Legulegu via AkShare
2018-09-12,3202.02,10.73,24.66,17.35,11.52,1.35,2.7,1.71,9.319664,csi_300,CSI 300,Legulegu via AkShare
2018-09-13,3236.57,10.87,24.88,17.65,11.66,1.36,2.72,1.73,9.199632,csi_300,CSI 300,Legulegu via AkShare
2018-09-14,3242.09,10.88,24.72,17.66,11.68,1.37,2.7,1.74,9.191176,csi_300,CSI 300,Legulegu via AkShare
2018-09-17,3204.92,10.78,24.38,17.2,11.57,1.35,2.66,1.71,9.276438,csi_300,CSI 300,Legulegu via AkShare
2018-09-18,3269.43,10.97,24.82,17.46,11.77,1.38,2.72,1.75,9.11577,csi_300,CSI 300,Legulegu via AkShare
2018-09-19,3312.48,11.11,25.17,17.75,11.92,1.4,2.76,1.76,9.0009,csi_300,CSI 300,Legulegu via AkShare
2018-09-20,3310.13,11.11,25.08,17.69,11.93,1.4,2.75,1.76,9.0009,csi_300,CSI 300,Legulegu via AkShare
2018-09-21,3410.49,11.46,25.56,18.14,12.3,1.44,2.82,1.8,8.726003,csi_300,CSI 300,Legulegu via AkShare
2018-09-25,3379.8,11.36,25.45,18.08,12.2,1.43,2.81,1.78,8.802817,csi_300,CSI 300,Legulegu via AkShare
2018-09-26,3417.24,11.48,25.68,18.31,12.33,1.44,2.84,1.79,8.710801,csi_300,CSI 300,Legulegu via AkShare
2018-09-27,3403.59,11.45,25.45,18.09,12.29,1.44,2.82,1.76,8.733624,csi_300,沪深300,Legulegu via AkShare
2018-09-28,3438.86,11.58,25.71,18.26,12.43,1.45,2.85,1.78,8.635579,csi_300,CSI 300,Legulegu via AkShare
2018-10-08,3290.9,11.1,24.82,17.63,11.92,1.39,2.72,1.73,9.009009,csi_300,CSI 300,Legulegu via AkShare
2018-10-09,3288.69,11.11,24.79,17.52,11.93,1.42,2.72,1.76,9.0009,csi_300,CSI 300,Legulegu via AkShare
2018-10-10,3281.6,11.12,24.74,17.54,11.93,1.4,2.69,1.72,8.992806,csi_300,CSI 300,Legulegu via AkShare
2018-10-11,3124.11,10.62,24.13,16.22,11.4,1.33,2.53,1.58,9.416196,csi_300,CSI 300,Legulegu via AkShare
2018-10-12,3170.73,10.8,24.13,16.14,11.59,1.36,2.54,1.58,9.259259,csi_300,CSI 300,Legulegu via AkShare
2018-10-15,3126.45,10.64,23.91,15.98,11.42,1.34,2.5,1.53,9.398496,csi_300,CSI 300,Legulegu via AkShare
2018-10-16,3100.97,10.6,23.48,15.62,11.37,1.33,2.45,1.48,9.433962,csi_300,CSI 300,Legulegu via AkShare
2018-10-17,3118.25,10.66,23.62,15.74,11.44,1.34,2.47,1.49,9.380863,csi_300,CSI 300,Legulegu via AkShare
2018-10-18,3044.39,10.38,23.01,15.36,11.13,1.3,2.4,1.46,9.633911,csi_300,CSI 300,Legulegu via AkShare
2018-10-19,3134.95,10.67,23.59,15.72,11.45,1.34,2.47,1.52,9.372071,csi_300,CSI 300,Legulegu via AkShare
2018-10-22,3270.27,11.08,24.86,16.75,11.89,1.39,2.58,1.61,9.025271,csi_300,CSI 300,Legulegu via AkShare
2018-10-23,3183.43,10.78,24.39,16.18,11.59,1.35,2.52,1.59,9.276438,csi_300,CSI 300,Legulegu via AkShare
2018-10-24,3188.2,10.82,23.84,16.08,11.64,1.35,2.5,1.6,9.242144,csi_300,CSI 300,Legulegu via AkShare
2018-10-25,3194.31,10.83,23.93,16.29,11.67,1.35,2.48,1.61,9.23361,csi_300,CSI 300,Legulegu via AkShare
2018-10-26,3173.64,10.83,23.75,16.28,11.63,1.34,2.44,1.6,9.23361,csi_300,CSI 300,Legulegu via AkShare
2018-10-29,3076.89,10.54,23.56,15.75,11.33,1.3,2.36,1.58,9.487666,csi_300,CSI 300,Legulegu via AkShare
2018-10-30,3110.26,10.62,23.43,15.92,11.44,1.3,2.36,1.58,9.416196,csi_300,沪深300,Legulegu via AkShare
2018-10-31,3153.82,10.6,23.99,16.59,11.57,1.29,2.39,1.6,9.433962,csi_300,CSI 300,Legulegu via AkShare
2018-11-01,3177.03,10.63,24.22,16.87,11.59,1.3,2.41,1.61,9.407338,csi_300,CSI 300,Legulegu via AkShare
2018-11-02,3290.25,10.93,24.99,17.49,11.92,1.33,2.51,1.66,9.149131,csi_300,CSI 300,Legulegu via AkShare
2018-11-05,3262.84,10.83,24.91,17.44,11.82,1.32,2.5,1.66,9.23361,csi_300,CSI 300,Legulegu via AkShare
2018-11-06,3243.15,10.78,24.79,17.35,11.77,1.32,2.49,1.65,9.276438,csi_300,CSI 300,Legulegu via AkShare
2018-11-07,3221.91,10.71,24.61,17.43,11.69,1.31,2.47,1.64,9.337068,csi_300,CSI 300,Legulegu via AkShare
2018-11-08,3212.77,10.69,24.37,17.25,11.67,1.31,2.45,1.63,9.354537,csi_300,CSI 300,Legulegu via AkShare
2018-11-09,3167.44,10.5,24.25,17.02,11.46,1.28,2.44,1.62,9.52381,csi_300,CSI 300,Legulegu via AkShare
2018-11-12,3205.14,10.59,24.78,17.2,11.56,1.29,2.49,1.65,9.442871,csi_300,CSI 300,Legulegu via AkShare
2018-11-13,3237.38,10.66,25.13,17.33,11.64,1.3,2.51,1.69,9.380863,csi_300,CSI 300,Legulegu via AkShare
2018-11-14,3204.94,10.54,24.94,17.32,11.51,1.29,2.49,1.68,9.487666,csi_300,CSI 300,Legulegu via AkShare
2018-11-15,3242.37,10.66,25.37,17.43,11.64,1.3,2.53,1.71,9.380863,csi_300,CSI 300,Legulegu via AkShare
2018-11-16,3257.67,10.69,25.59,17.44,11.67,1.3,2.55,1.7,9.354537,csi_300,CSI 300,Legulegu via AkShare
2018-11-19,3294.6,10.81,25.88,17.52,11.8,1.32,2.56,1.7,9.250694,csi_300,CSI 300,Legulegu via AkShare
2018-11-20,3218.41,10.59,25.24,17.13,11.57,1.29,2.5,1.65,9.442871,csi_300,CSI 300,Legulegu via AkShare
2018-11-21,3226.49,10.6,25.3,17.09,11.58,1.29,2.51,1.65,9.433962,csi_300,CSI 300,Legulegu via AkShare
2018-11-22,3214.43,10.57,25.3,17.08,11.54,1.29,2.51,1.66,9.460738,csi_300,CSI 300,Legulegu via AkShare
2018-11-23,3143.48,10.37,24.55,16.59,11.32,1.27,2.44,1.6,9.643202,csi_300,CSI 300,Legulegu via AkShare
2018-11-26,3141.24,10.36,24.41,16.5,11.32,1.27,2.42,1.59,9.65251,csi_300,CSI 300,Legulegu via AkShare
2018-11-27,3137.24,10.34,24.6,16.38,11.29,1.26,2.43,1.6,9.67118,csi_300,CSI 300,Legulegu via AkShare
2018-11-28,3178.93,10.45,24.95,16.83,11.42,1.28,2.47,1.63,9.569378,csi_300,CSI 300,Legulegu via AkShare
2018-11-29,3137.65,10.34,24.48,16.72,11.29,1.26,2.43,1.61,9.67118,csi_300,CSI 300,Legulegu via AkShare
2018-11-30,3172.69,10.44,24.75,16.72,11.4,1.27,2.46,1.63,9.578544,csi_300,CSI 300,Legulegu via AkShare
2018-12-03,3260.95,10.7,25.44,17.29,11.68,1.31,2.54,1.67,9.345794,csi_300,CSI 300,Legulegu via AkShare
2018-12-04,3267.71,10.72,25.57,17.28,11.7,1.31,2.55,1.67,9.328358,csi_300,CSI 300,Legulegu via AkShare
2018-12-05,3252.0,10.66,25.44,17.32,11.64,1.3,2.54,1.66,9.380863,csi_300,CSI 300,Legulegu via AkShare
2018-12-06,3181.67,10.47,24.83,16.91,11.43,1.28,2.47,1.62,9.551098,csi_300,CSI 300,Legulegu via AkShare
2018-12-07,3181.56,10.45,24.75,16.88,11.44,1.28,2.48,1.62,9.569378,csi_300,CSI 300,Legulegu via AkShare
2018-12-10,3144.76,10.35,24.69,16.65,11.33,1.28,2.47,1.59,9.661836,csi_300,CSI 300,Legulegu via AkShare
2018-12-11,3159.82,10.39,24.84,16.72,11.37,1.28,2.49,1.6,9.624639,csi_300,CSI 300,Legulegu via AkShare
2018-12-12,3170.61,10.44,24.89,16.87,11.41,1.29,2.49,1.62,9.578544,csi_300,CSI 300,Legulegu via AkShare
2018-12-13,3219.69,10.58,25.21,17.13,11.57,1.3,2.53,1.63,9.451796,csi_300,CSI 300,Legulegu via AkShare
2018-12-14,3165.91,10.43,24.67,16.79,11.4,1.29,2.47,1.59,9.587728,csi_300,CSI 300,Legulegu via AkShare
2018-12-17,3161.2,10.55,24.42,16.91,11.55,1.31,2.67,1.82,9.478673,csi_300,CSI 300,Legulegu via AkShare
2018-12-18,3128.43,10.45,24.19,16.89,11.44,1.3,2.64,1.81,9.569378,csi_300,CSI 300,Legulegu via AkShare
2018-12-19,3091.13,10.34,23.9,16.65,11.32,1.28,2.59,1.79,9.67118,csi_300,CSI 300,Legulegu via AkShare
2018-12-20,3067.42,10.25,23.92,16.49,11.22,1.27,2.59,1.79,9.756098,csi_300,CSI 300,Legulegu via AkShare
2018-12-21,3029.4,10.15,23.69,16.24,11.11,1.26,2.56,1.76,9.852217,csi_300,CSI 300,Legulegu via AkShare
2018-12-24,3038.2,10.17,23.79,16.36,11.14,1.26,2.58,1.75,9.832842,csi_300,CSI 300,Legulegu via AkShare
2018-12-25,3017.28,10.1,23.51,16.23,11.06,1.25,2.56,1.74,9.90099,csi_300,CSI 300,Legulegu via AkShare
2018-12-26,3002.03,10.07,23.38,16.18,11.02,1.25,2.55,1.72,9.930487,csi_300,CSI 300,Legulegu via AkShare
2018-12-27,2990.51,10.03,23.24,16.24,10.98,1.24,2.53,1.7,9.97009,csi_300,CSI 300,Legulegu via AkShare
2018-12-28,3010.65,10.09,23.4,16.21,11.04,1.25,2.54,1.7,9.910803,csi_300,CSI 300,Legulegu via AkShare
